sample_name,method,sensitivity,specificity,precision,accuracy,iou,dice
Dataset_Group\04\images\BRATS_008_Tumor.nii.gz,multi-threshold Otsu,0.9343460299905669,0.9949915007319685,0.7657075529538463,0.9939473566308243,0.726612735946899,0.8416626621816434
Dataset_Group\04\images\BRATS_008_Tumor.nii.gz,Otsu_with_opening_closing,0.9696024411939118,0.9965090566946897,0.8368493727641562,0.9960211693548388,0.8154553483297834,0.8983480084817302
Dataset_Group\04\images\BRATS_033_Tumor.nii.gz,multi-threshold Otsu,0.799433641683972,0.9966761731387,0.7428145419462352,0.994335685483871,0.6261283573482771,0.7700847900706963
Dataset_Group\04\images\BRATS_033_Tumor.nii.gz,Otsu_with_opening_closing,0.9388746931208979,0.9976982863447326,0.8217778362496163,0.997040770609319,0.7800441243808017,0.876432346475843
Dataset_Group\04\images\BRATS_259_Tumor.nii.gz,multi-threshold Otsu,0.801038321380435,0.998380338621205,0.7702030302545477,0.9970519713261649,0.6465216223475692,0.7853181076672104
Dataset_Group\04\images\BRATS_259_Tumor.nii.gz,Otsu_with_opening_closing,0.7335106144583713,0.9984873146709373,0.7855462937778986,0.9965006720430107,0.6111325475162122,0.7586372064276885
